{"ads":[{"active":"1","ad_via_link":"http://ads.new/checkout/new/?utm_source=w3layouts-com-flex-bar\u0026utm_medium=ad_via_link\u0026utm_campaign=in_unit\u0026utm_term=flexbar","external_id":"343","height":"0","identifier":"41685528ef0d61c47cb3f44aefb56ba9","longimp":"T4CXSVZDTTTTTTH3EOENCTTTTTTPD3R3KKTTTTTTW4DB4YYTTTTTT","noincrement":"1","num_slots":"1","rendering":"flexbar","statimp":"//srv.buysellads.com/ads/imp/x/GTND42JUC6BIKK3MFTALYKQNCAYIPK7ECEYD4Z3JCYSI42QICTBDTKQKCVAI52QNCASIKKQUCWBD52QJCVAILK3KC6SD5KQMCKYDVK3EHJWNBADLKM7UCBZG2Y","timestamp":"1671531326","width":"0","zoneid":"31277","zonekey":"CKYI627U"},{}]}