{"ads":[{"active":"1","ad_via_link":"http://ads.new/checkout/new/?utm_source=w3layouts-com-sticky-box\u0026utm_medium=ad_via_link\u0026utm_campaign=in_unit\u0026utm_term=stickybox","external_id":"347","height":"0","identifier":"81faa2f5eaa7f66bf33ee1e4cf751137","longimp":"T4VXSVZDTTTTTTH3EOENCTTTTTTPD3R3KKTTTTTTW4DB4YYTTTTTT","noincrement":"1","num_slots":"1","rendering":"stickybox","statimp":"//srv.buysellads.com/ads/imp/x/GTND42JUC6BIKK3MF67LYKQNCAYIPK7ECEYD4Z3JCYSI42QICTBDTKQKCVAI52QNCASIKKQUCWBD52QJCVAILK3KC6SD5KQMCKYDVK3EHJWNBADLKM7UCBZG2Y","timestamp":"1671531326","width":"0","zoneid":"31281","zonekey":"CKYI653J"},{}]}